model,test_accuracy,test_auc,true_neg,false_pos,false_neg,true_pos
model_d0.3_l20.001_lr0.001_e13.h5,0.9661016949152542,0.9847744900890548,59,0,4,55
model_d0.5_l20.001_lr0.001_e13.h5,0.9491525423728814,0.9850617638609594,59,0,6,53
model_d0.5_l20.001_lr0.001_e8.h5,0.9491525423728814,0.9839126687733409,59,0,6,53
model_d0.5_l20.001_lr0.0005_e13.h5,0.8898305084745762,0.9876472278081012,47,12,1,58
model_d0.3_l20.001_lr0.001_e8.h5,0.8813559322033898,0.9755817293881068,47,12,2,57
model_d0.3_l20.001_lr0.0005_e13.h5,0.8728813559322034,0.9767308244757255,46,13,2,57
model_d0.5_l20.001_lr0.0005_e8.h5,0.8135593220338984,0.9652398735995404,42,17,5,54
model_d0.3_l20.001_lr0.0005_e8.h5,0.711864406779661,0.9747199080723931,25,34,0,59
